category,predicted_amount
bills & fees,13044.963970588236
food & drinks,2067.747647058824
not defined,123.92200000000008
transport,1508.2749999999996
